cantidad,eliminado,precio_compra,precio_venta,id,producto_id,nombre
9,false,1000.0,2000.0,1,1,SELLO
12,false,10000.0,12000.0,2,2,Botella
2,false,50000.0,60000.0,3,2,Six pack 
1,false,46750.0,72000.0,4,3,CAJA
1,false,650.0,1000.0,5,3,MAREOL
2,false,5300.0,10000.0,6,4,CAJA
1,false,530.0,1200.0,7,4,BLISTER
6,false,3857.0,6000.0,8,5,CAJA
5,false,5300.0,10000.0,9,6,CAJA
53,false,530.0,1200.0,10,6,BLISTER
5,false,6081.0,9000.0,11,7,TARRO
2,false,6081.0,13000.0,12,8,TARRO
1,false,2000.0,3500.0,13,9,TARRO 
2,false,6000.0,10000.0,14,10,TARRO 
5,false,4000.0,7000.0,15,11,TARRO
9,false,4000.0,7000.0,16,12,TARRO
1,false,7000.0,10000.0,17,13,TARRO
1,false,18000.0,26000.0,18,14,TARRO
1,false,9000.0,14000.0,19,15,TARRO
1,false,9000.0,13000.0,20,16,TARRO 
4,false,18000.0,23000.0,21,17,POTE 
1,false,10000.0,15000.0,22,18,POTE 
2,false,5930.0,8800.0,23,19,TUBO
8,false,2841.0,4000.0,24,20,TUBO
20,false,597.0,2000.0,25,21,PAQUETE
5,false,3797.0,6000.0,26,22,TARRO
5,false,5433.0,7000.0,27,23,TARRO 
12,false,1800.0,2600.0,28,24,SOBRE
12,false,471.0,1500.0,29,25,FRASCO
15,false,2980.0,4500.0,30,26,MAQUINA
10,false,2060.0,2500.0,31,27,CAPSULA
4,false,2780.0,3500.0,32,28,SOBRE
1,false,19100.0,25000.0,33,29,PAÑAL
1,false,20699.0,26500.0,34,30,PAÑAL
4,false,935.0,4000.0,35,31,PAQUETE
14,false,715.0,1300.0,36,32,SOBRE
13,false,810.0,1400.0,37,33,SOBRE
12,false,715.0,1300.0,38,34,SOBRE
8,false,2790.0,5000.0,39,35,POTE
25,false,814.0,1500.0,40,36,COJIN
12,false,688.0,1500.0,41,37,SOBRE
11,false,680.0,1500.0,42,38,SOBRE
16,false,1036.0,1800.0,43,39,SOBRE
12,false,1036.0,1800.0,44,40,SOBRE 
3,false,3740.0,6000.0,45,41,CAJA
4,false,1475.0,3000.0,46,42,CAJA
3,false,3537.0,6000.0,47,43,SOBRE
1,false,16957.0,25000.0,48,44,CAJA
8,false,3391.0,6000.0,49,44,BLISTER
64,false,339.0,600.0,50,44,UNIDAD
2,false,3053.0,6000.0,51,45,SOBRE
3,false,16000.0,30000.0,52,46,TARRO
2,false,5000.0,10000.0,53,47,CAJA
9,false,500.0,1000.0,54,47,UNIDAD
8,false,1500.0,3000.0,55,48,CAJA
1,false,12000.0,24000.0,56,49,CAJA 
2,false,4000.0,8000.0,57,49,BLISTER
20,false,400.0,800.0,58,49,UNIDAD
1,false,17500.0,35000.0,59,50,CAJA
1,false,700.0,1400.0,60,50,BLISTER 
1,false,2000.0,4000.0,61,51,FRASCO
2,false,14000.0,30000.0,62,52,CAJA
48,false,473.0,1000.0,63,52,BLISTER
2,false,3000.0,6000.0,64,53,CAJA
3,false,6000.0,11900.0,65,54,CAJA
3,false,2500.0,6000.0,66,55,CAJA
4,false,5000.0,13000.0,67,56,CAJA
1,false,6000.0,15000.0,68,57,CAJA
3,false,7000.0,27000.0,69,58,CAJA
2,false,3000.0,8500.0,70,59,CAJA
2,false,3000.0,8500.0,71,60,CAJA
1,false,3000.0,8500.0,72,61,CAJA
7,false,1480.0,35000.0,73,62,CAJA
7,false,1480.0,5000.0,74,62,UNIDAD
3,false,7590.0,17000.0,75,63,FRASCO
5,false,3819.0,7000.0,76,64,CAJA
4,false,2520.0,4000.0,77,65,CAJA
31,false,420.0,700.0,78,65,UNIDAD
2,false,8370.0,22000.0,79,66,CAJA
10,false,1674.0,4500.0,80,66,UNIDAD
1,false,8230.0,15000.0,81,67,CAJA
4,false,4115.0,8000.0,82,67,BLISTER 
42,false,411.0,800.0,83,67,UNIDAD
3,false,6810.0,12000.0,84,68,CAJA
3,false,13900.0,23000.0,85,69,CAJA
15,false,2780.0,5000.0,86,69,BLISTER
150,false,278.0,500.0,87,69,UNIDAD
1,false,107800.0,130000.0,88,70,CAJA
111,false,898.0,1200.0,89,70,UNIDAD
1,false,10311.0,15000.0,90,71,BOTELLA
2,false,3261.0,4700.0,91,72,TARRO
6,false,2303.0,4000.0,92,73,CAJA
1,false,17620.0,27000.0,93,74,CAJA
1,false,30.0,58000.0,94,75,CAJA
12,false,3863.0,6000.0,95,75,BLISTER
1,false,28800.0,35000.0,96,76,CAJA
13,false,2400.0,3200.0,97,76,SACHETS
1,false,18630.0,27000.0,98,77,CAJA
115,false,221.0,500.0,99,77,UNIDAD
4,false,4710.0,10000.0,100,78,CAJA
3,false,6460.0,10000.0,101,79,CAJA
30,false,646.0,1000.0,102,79,UNIDAD
1,false,23290.0,35000.0,103,80,CAJA
10,false,2330.0,4500.0,104,80,UNIDAD
1,false,21940.0,26400.0,105,81,CAJA
2,false,10970.0,13200.0,106,81,BLISTER
12,false,1828.0,2200.0,107,81,UNIDAD
1,false,16550.0,23700.0,108,82,CAJA
20,false,919.0,1400.0,109,82,SOBRE
6,false,3750.0,5400.0,110,83,TUBO
5,false,3750.0,5400.0,111,84,TUBO
6,false,3750.0,5400.0,112,85,TUBO
4,false,3750.0,5400.0,113,86,TUBO
2,false,10100.0,14400.0,114,87,CAJA
19,false,1262.0,1800.0,115,87,UNIDAD
5,false,10250.0,14000.0,116,88,CAJA
6,false,10250.0,14000.0,117,89,CAJA
1,false,11500.0,23000.0,118,90,CAJA
3,false,3833.0,8000.0,119,90,BLISTER
1,false,10000.0,20000.0,120,91,CAJA
3,false,3330.0,7000.0,121,91,BGLISTER
1,false,20000.0,60000.0,122,92,CAJA
26,false,1000.0,2000.0,123,92,BLISTER
4,false,1250.0,2500.0,124,93,CAJA
1,false,7500.0,15000.0,125,94,CAJA 
2,false,1500.0,3000.0,126,94,BLISTER
1,false,14500.0,29200.0,127,95,CAJA
1,false,4900.0,9800.0,128,95,BLISTER
1,false,14500.0,29200.0,129,96,CAJA 
4,false,4900.0,9800.0,130,96,BLISTER 
1,false,35000.0,53000.0,131,97,CAJA
41,false,1000.0,2000.0,132,97,BLISTER
1,false,20000.0,30000.0,133,98,CAJA
1,false,2500.0,5000.0,134,98,BLISTER 
16,false,250.0,500.0,135,98,UNIDA
1,false,22000.0,43000.0,136,99,CAJA 
11,false,2200.0,8000.0,137,99,BLISTER
110,false,220.0,800.0,138,99,UNIDAD
1,false,9600.0,12000.0,139,100,CAJA
1,false,11000.0,14000.0,140,101,CAJA
1,false,20000.0,45000.0,141,102,CAJA
9,false,2000.0,5000.0,142,102,UNIDAD
1,false,17000.0,35000.0,143,103,CAJA
6,false,3500.0,7000.0,144,103,BLISTER
120,false,350.0,500.0,145,103,UNIDAD
1,false,16000.0,33500.0,146,104,CAJA
2,false,8000.0,16700.0,147,104,BLSITER
1,false,30000.0,39000.0,148,105,CAJA
4,false,10000.0,14000.0,149,105,BLISTER 
1,false,6000.0,12000.0,150,106,CAJA 
1,false,11000.0,14500.0,151,107,CAJA
2,false,10000.0,15000.0,152,108,CAJA
3,false,3500.0,7500.0,153,109,CAJA
1,false,24000.0,30000.0,154,110,FRASCO
1,false,3700.0,7500.0,155,111,CAJA
6,false,930.0,2000.0,156,111,BLISTER 
1,false,35000.0,52000.0,157,112,CAJA
5,false,6000.0,13000.0,158,112,FRASCO
2,false,3500.0,7900.0,159,113,CAJA
7,false,1100.0,2700.0,160,113,BLISTER 
1,false,3000.0,7000.0,161,114,CAJA
1,false,3500.0,8500.0,162,115,CAJA 
1,false,1750.0,2200.0,163,115,BLISTER
6,false,4000.0,12000.0,164,116,CAJA
4,false,4000.0,10000.0,165,117,CAJA
1,false,22000.0,45000.0,166,118,CAJA 
15,false,800.0,2000.0,167,118,BLISTER
1,false,40000.0,83000.0,168,119,CAJA
2,false,4000.0,9000.0,169,119,FRASCO
2,false,4500.0,9000.0,170,120,CAJA 
4,false,1500.0,3500.0,171,121,CAJA
4,false,1200.0,3000.0,172,122,CAJA
1,false,42000.0,85000.0,173,123,CAJA
8,false,4500.0,9000.0,174,123,BLISTER 
2,false,3976.0,7000.0,175,124,TARRO
80,false,450.0,1000.0,176,123,UNIDAD 
1,false,35000.0,65000.0,177,125,CAJA
6,false,3500.0,10000.0,178,125,BLISTER 
60,false,350.0,1000.0,179,125,UNIDAD
1,false,17500.0,59000.0,180,126,CAJA
1,false,3500.0,13000.0,181,126,BLISTER
6,false,350.0,1300.0,182,126,UNIDAD
3,false,4500.0,20000.0,183,127,CAJA
1,false,3500.0,6900.0,184,128,CAJA
4,false,350.0,700.0,185,128,UNIDAD 
2,false,18000.0,34000.0,186,129,CAJA 
6,false,6000.0,12000.0,187,129,BLISTER
49,false,750.0,1500.0,188,129,UNIDAD
2,false,11500.0,23000.0,189,130,CAJA
1,false,8000.0,16000.0,190,131,CAJA
1,false,4500.0,9000.0,191,132,CAJA
1,false,6500.0,14000.0,192,133,CAJA
1,false,7500.0,12000.0,193,134,CAJA
4,false,1500.0,3000.0,194,134,BLISTER
1,false,20000.0,30000.0,195,135,CAJA
3,false,4000.0,8000.0,196,135,BLISTER
34,false,400.0,800.0,197,135,UNIDAD
1,false,2000.0,4000.0,198,136,CAJA
1,false,1000.0,2000.0,199,136,BLISTER
1,false,45000.0,85000.0,200,137,CAJA
25,false,1500.0,5000.0,201,137,BLISTER
1,false,4000.0,10000.0,202,138,CAJA
3,false,4000.0,8500.0,203,139,CAJA
4,false,1600.0,3500.0,204,140,CAJA
2,false,4000.0,8000.0,205,141,CAJA
1,false,4000.0,9000.0,206,142,CAJA
2,false,4000.0,9000.0,207,143,CAJA 
1,false,100000.0,200000.0,208,144,CAJA
32,false,1000.0,3000.0,209,144,UNIDAD
1,false,12000.0,25000.0,210,145,CAJA
12,false,1200.0,2500.0,211,145,UNIDAD
2,false,15000.0,45000.0,212,147,CAJA
13,false,2500.0,8000.0,213,147,UNIDAD
2,false,25000.0,75000.0,214,148,CAJA
13,false,2500.0,10000.0,215,148,UNIDAD
1,false,25000.0,37000.0,216,149,CAJA
2,false,5000.0,8000.0,217,149,BLISTER
26,false,500.0,800.0,218,149,UNIDAD
1,false,25000.0,45000.0,219,150,CAJA
12,false,1000.0,2000.0,220,150,BLISTER
1,false,20000.0,38000.0,221,151,CAJA
15,false,1000.0,2000.0,222,151,BLISTER
1,false,15000.0,27000.0,223,152,CAJA
6,false,3000.0,6000.0,224,152,BLISTER
66,false,300.0,600.0,225,152,UNIDAD
1,false,30000.0,36000.0,226,153,CAJA
36,false,1200.0,1500.0,227,153,UNIDAD
1,false,25000.0,37500.0,228,154,CAJA
7,false,3000.0,6000.0,229,154,BLISTER
78,false,300.0,600.0,230,154,UNIDAD
1,false,3750.0,6700.0,231,155,CAJA
3,false,1250.0,2500.0,232,155,BLISTER
1,false,21200.0,26500.0,233,156,CAJA 
1,false,40000.0,75000.0,234,157,CAJA
6,false,4000.0,8000.0,235,157,UNIDAD
1,false,21000.0,27200.0,236,158,CAJA
2,false,1400.0,2000.0,237,158,UNIDAD
1,false,6000.0,12000.0,238,159,CAJA
3,false,3000.0,6000.0,239,159,BLISTER
1,false,6000.0,12000.0,240,160,CAJA
5,false,1200.0,2400.0,241,160,BLISTER
1,false,16819.0,38000.0,242,161,CAJA
1,false,8409.0,10000.0,243,161,BLISTER
14,false,840.0,2000.0,244,161,UNIDAD
1,false,5200.0,6500.0,245,162,CAJA
5,false,5000.0,10000.0,246,163,CAJA 
56,false,500.0,1000.0,247,163,UNIDAD
1,false,12000.0,24000.0,248,164,CAJA
2,false,6000.0,12000.0,249,164,BLISTER 
1,false,12000.0,24000.0,250,165,CAJA
1,false,6000.0,10000.0,251,165,BLISTER 
1,false,15450.0,30900.0,252,166,CAJA
4,false,5150.0,10500.0,253,166,BLISTER 
1,false,19500.0,39000.0,254,167,CAJA
2,false,6500.0,13000.0,255,167,BLISTER
23,false,650.0,1300.0,256,167,UNIDAD
6,false,3500.0,6000.0,257,168,PAQUETE
4,false,6315.0,9500.0,258,169,PAQUETE
8,false,747.0,1000.0,259,170,SOBRE
8,false,6000.0,12000.0,260,171,CAJA
21,false,2000.0,4000.0,261,171,BLISTER
3,false,2000.0,4000.0,262,172,CAJA
7,false,1000.0,2000.0,263,172,BLISTER
2,false,6500.0,13000.0,264,173,CAJA 
4,false,3250.0,6500.0,265,173,BLISTER 
1,false,25000.0,47000.0,266,174,CAJA
7,false,2500.0,5000.0,267,174,UNIDAD
2,false,2000.0,4000.0,268,175,CAJA 
4,false,4000.0,12000.0,269,176,CAJA
18,false,1333.0,2500.0,270,176,UNIDAD
1,false,30000.0,58000.0,271,177,CAJA
39,false,750.0,1500.0,272,177,BLISTER
1,false,29700.0,47000.0,273,178,CAJA
1,false,5940.0,10000.0,274,178,BLISTER
23,false,594.0,1000.0,275,178,UNIDAD
1,false,24000.0,45000.0,276,179,CAJA
49,false,800.0,1600.0,277,179,BLISTER 
3,false,2500.0,5000.0,278,180,CAJA
6,false,1250.0,2500.0,279,180,BLISTER
1,false,9650.0,19300.0,280,181,CAJA 
1,false,15000.0,29000.0,281,182,CAJA
1,false,5000.0,10000.0,282,182,BLISTER 
6,false,500.0,1200.0,283,182,UNIDAD
3,false,11800.0,16000.0,284,183,CAJA
15,false,2360.0,3300.0,285,183,BLISTER
159,false,214.0,400.0,286,183,UNIDAD
0,false,9000.0,17000.0,287,184,CAJA
4,false,1500.0,3000.0,288,184,BLISTER
1,false,2700.0,5400.0,289,185,CAJA
1,false,1350.0,2700.0,290,185,BLISTER
1,false,25000.0,75000.0,291,186,CAJA
8,false,2500.0,8000.0,292,186,UNIDAD
2,false,3000.0,6000.0,293,187,TUBO
1,false,3000.0,6000.0,294,188,TUBO
3,false,4000.0,7200.0,295,189,TUBO
1,false,4500.0,7500.0,296,190,TUBO
3,false,5000.0,10900.0,297,191,CAJA
1,false,5000.0,10900.0,298,192,CAJA
1,false,30000.0,60000.0,299,193,CAJA
1,false,15000.0,30000.0,300,193,BLISTER
1,false,27500.0,45000.0,301,194,CAJA
13,false,2900.0,5500.0,302,194,BLISTER
3,false,14000.0,38000.0,303,195,CAJA
43,false,1000.0,2800.0,304,195,UNIDAD
1,false,30000.0,58000.0,305,196,CAJA
51,false,1000.0,2000.0,306,196,BLISTER
1,false,35000.0,4000.0,307,197,CAJA
18,false,875.0,700.0,308,197,BLISTER
3,false,6000.0,13000.0,309,198,CAJA
9,false,3500.0,7000.0,310,199,CAJA
1,false,4500.0,8500.0,311,200,CAJA
3,false,1500.0,3000.0,312,200,BLISTER
39,false,150.0,300.0,313,200,UNIDAD
1,false,2000.0,4000.0,314,201,CAJA
2,false,1000.0,2000.0,315,201,BLISTER
2,false,1500.0,3000.0,316,202,CAJA
1,false,22000.0,46000.0,317,203,CAJA
5,false,2200.0,10000.0,318,203,UNIDAD
1,false,2600.0,5200.0,319,204,CAJA
1,false,20000.0,44000.0,320,205,CAJA
10,false,2000.0,4500.0,321,205,UNIDAD
1,false,7200.0,8000.0,322,206,CAJA
2,false,1800.0,2000.0,323,206,UNIDAD
3,false,3000.0,6000.0,324,207,SOBRE
1,false,40000.0,90000.0,325,208,CAJA
6,false,1000.0,3000.0,326,208,BLISTER
2,false,6000.0,12000.0,327,209,CAJA
1,false,6000.0,12500.0,328,210,CAJA
1,false,2000.0,4200.0,329,210,BLISTER
1,false,11000.0,21900.0,330,211,CAJA
3,false,3670.0,7400.0,331,211,BLISTER
1,false,3000.0,7500.0,332,212,CAJA
2,false,1500.0,4000.0,333,212,BLISTER
1,false,2500.0,5000.0,334,213,CAJA
1,false,1250.0,2500.0,335,213,BLISTER
1,false,22000.0,47000.0,336,214,CAJA
23,false,1100.0,2500.0,337,214,BLISTER
1,false,9500.0,19500.0,338,215,CAJA
1,false,10000.0,21900.0,339,216,CAJA 
2,false,5000.0,11000.0,340,216,BLISTER
28,false,360.0,900.0,341,216,UNIDAD
2,false,5000.0,12000.0,342,217,CAJA
1,false,6000.0,12000.0,343,218,CAJA
11,false,600.0,1200.0,344,218,UNIDAD
1,false,15000.0,25000.0,345,219,CAJA
12,false,1200.0,3000.0,346,219,BLISTER
3,false,6000.0,12000.0,347,220,CAJA
9,false,2000.0,4000.0,348,220,BLISTER
2,false,3000.0,6000.0,349,221,CAJA
4,false,1500.0,3000.0,350,221,BLISTER
60,false,100.0,200.0,351,221,UNIDAD
2,false,21600.0,26000.0,352,222,CAJA
6,false,7200.0,14400.0,353,222,BLISTER
36,false,1200.0,2400.0,354,222,UNIDAD
1,false,11250.0,22500.0,355,223,CAJA
3,false,3750.0,7600.0,356,223,BLISTER
1,false,9000.0,19000.0,357,224,CAJA
3,false,3000.0,7000.0,358,224,BLISTER
1,false,15000.0,39000.0,359,225,CAJA
3,false,5000.0,10000.0,360,225,BLISTER
4,false,6000.0,12000.0,361,226,CAJA
8,false,3000.0,6000.0,362,226,BLISTER
2,false,15000.0,25000.0,363,227,CAJA
2,false,7000.0,14000.0,364,228,CAJA
5,false,3500.0,7000.0,365,228,BLISTER
1,false,11300.0,26000.0,366,229,CAJA
4,false,2400.0,5500.0,367,229,UNIDAD
1,false,10000.0,19000.0,368,230,CAJA
3,false,2000.0,3900.0,369,230,UNIDAD
1,false,15000.0,35000.0,370,231,CAJA
8,false,1500.0,4000.0,371,231,BLISTER
89,false,150.0,500.0,372,231,UNIDAD
2,false,10000.0,23000.0,373,232,CAJA
20,false,1000.0,2300.0,374,232,UNIDAD
2,false,2500.0,7500.0,375,233,CAJA
1,false,10500.0,23000.0,376,234,CAJA
4,false,5500.0,26000.0,377,235,CAJA
3,false,5000.0,16000.0,378,236,CAJA
1,false,3000.0,9000.0,379,237,CAJA
1,false,1200.0,3200.0,380,238,CAJA
8,false,120.0,400.0,381,238,UNIDAD
1,false,7000.0,14000.0,382,239,CAJA
4,false,3500.0,7000.0,383,239,BLISTER
41,false,350.0,700.0,384,239,UNIDAD
2,false,6000.0,13000.0,385,240,CAJA
1,false,10000.0,30000.0,386,241,CAJA
3,false,7000.0,14000.0,387,242,UNIDADES
4,false,7000.0,14000.0,388,243,UNIDADES
13,false,555.0,1800.0,389,241,UNIDAD
6,false,3157.0,10000.0,390,244,CAJA
74,false,400.0,1000.0,391,244,UNIDAD
3,false,10573.0,24000.0,392,245,FRASCO
2,false,9680.0,13000.0,393,246,CAJA
4,false,1560.0,5000.0,394,247,CAJA
3,false,5950.0,13000.0,395,248,FRASCO
1,false,15960.0,32000.0,396,249,CAJA
2,false,11306.0,25000.0,397,250,TUBO
1,false,11900.0,26000.0,398,251,CAJA
3,false,3966.0,8700.0,399,251,BLISTER
2,false,10600.0,13000.0,400,252,FRASCO
3,false,7500.0,16000.0,401,253,FRASCO
4,false,3950.0,7000.0,402,254,FRASCO
50,false,381.9,700.0,403,64,UNIDAD
1,false,19278.0,30000.0,404,255,CAJA
12,false,1606.0,2500.0,405,255,SOBRES
7,false,7750.0,9800.0,406,256,TARRO
2,false,6090.0,7500.0,407,257,CAJA
2,false,14485.0,20700.0,408,258,TARRO
2,false,17381.0,22700.0,409,259,TARRO
12,false,4021.0,6000.0,410,260,SOBRE
28,false,7603.0,8500.0,411,261,FRASCO
10,false,1849.0,3000.0,412,262,PASTILLA
1,false,15897.0,22700.0,413,263,RISTA
6,false,2649.0,3800.0,414,263,SOBRES 
1,false,16958.0,24500.0,415,264,RISTA
6,false,2826.0,4200.0,416,264,SOBRE
1,false,15000.0,28500.0,417,265,CAJA
1,false,5000.0,10000.0,418,265,BLISTER
30,false,500.0,1200.0,419,265,UNIDAD
4,false,1200.0,3000.0,420,266,CAJA
2,false,12000.0,23500.0,421,267,CAJA
11,false,4000.0,8000.0,422,267,UNIDAD
1,false,11000.0,22900.0,423,268,CAJA
4,false,2750.0,5800.0,424,268,BLISTER
28,false,275.0,700.0,425,268,UNIDAD
1,false,12000.0,20000.0,426,269,CAJA
3,false,2400.0,5000.0,427,269,UNIDAD
1,false,9000.0,18000.0,428,270,CAJA
8,false,900.0,1900.0,429,270,UNIDAD
1,false,58600.0,88000.0,430,271,CAJA
2,false,9766.0,16000.0,431,271,BLISTER
1,false,52000.0,100000.0,432,272,CAJA
14,false,1733.0,3500.0,433,272,BLISTER
1,false,37000.0,75000.0,434,273,CAJA
6,false,1480.0,3000.0,435,273,BLISTER
3,false,4500.0,10000.0,436,274,CAJA
6,false,2250.0,5000.0,437,274,UNIDAD
2,false,6500.0,13000.0,438,275,CAJA
8,false,1625.0,4000.0,439,275,UNIDAD
1,false,4500.0,10000.0,440,276,CAJA
2,false,2250.0,5000.0,441,276,UNIDAD
1,false,4500.0,9800.0,442,277,CAJA
40,false,150.0,400.0,443,277,UNIDAD
1,false,20200.0,40500.0,444,278,CAJA
3,false,6700.0,13500.0,445,278,BLISTER
2,false,2500.0,5500.0,446,279,FRASCO
1,false,3000.0,6000.0,447,280,CAJA
2,false,1500.0,3000.0,448,280,BLISTER
1,false,100.0,300.0,449,280,UNIDAD
1,false,3000.0,6000.0,450,281,CAJA
8,false,3000.0,6000.0,451,282,CAJA
16,false,1500.0,3000.0,452,282,UNIDAD
3,false,5000.0,10000.0,453,283,CAJA
6,false,2500.0,5000.0,454,283,BLISTER
14,false,1250.0,2500.0,455,283,UNIDAD
1,false,9500.0,20000.0,456,284,CAJA
2,false,4750.0,10000.0,457,284,UNIDAD
7,false,12000.0,25000.0,458,285,CAJA
28,false,3000.0,6500.0,459,285,UNIDAD
1,false,7000.0,15000.0,460,286,CAJA
10,false,700.0,2000.0,461,286,UNIDAD
3,false,3500.0,7000.0,462,287,CAJA
3,false,4000.0,8000.0,463,288,CAJA
4,false,5000.0,10000.0,464,289,CAJA
1,false,10000.0,20000.0,465,290,CAJA
2,false,5000.0,10000.0,466,290,BLISTER
10,false,500.0,1000.0,467,290,UNIDAD
1,false,13000.0,30000.0,468,291,CAJA
10,false,1300.0,3000.0,469,291,UNIDAD
1,false,10000.0,20000.0,470,292,CAJA
2,false,5000.0,10000.0,471,292,BLISTER
6,false,500.0,1000.0,472,292,UNIDAD
1,false,10500.0,22000.0,473,293,BLISTER
18,false,1050.0,2200.0,474,293,UNIDAD
1,false,6000.0,13200.0,475,294,CAJA
2,false,2000.0,4500.0,476,294,BLISTER
2,false,4500.0,9000.0,477,295,CAJA
1,false,4000.0,8000.0,478,296,FRASCO
2,false,3500.0,7000.0,479,297,FRASCO
1,false,83000.0,124000.0,480,298,CAJA
36,false,2766.0,4500.0,481,298,BLISTER
1,false,18900.0,28000.0,482,299,CAJA
25,false,756.0,2000.0,483,299,BLISTER
1,false,7500.0,15000.0,484,300,CAJA
4,false,1500.0,3000.0,485,300,BLISTER
1,false,7500.0,15000.0,486,301,CAJA
3,false,1500.0,3000.0,487,301,BLISTER
3,false,4500.0,9000.0,488,302,FRASCO
1,false,35000.0,75000.0,489,303,CAJA
8,false,3500.0,8000.0,490,303,BLISTER
1,false,25000.0,45000.0,491,304,CAJA
3,false,2500.0,5000.0,492,304,BLISTER
1,false,30000.0,70000.0,493,305,CAJA
25,false,1200.0,3000.0,494,305,BLISTER
1,false,18000.0,35900.0,495,306,CAJA
5,false,600.0,1200.0,496,306,UNIDAD
1,false,8500.0,17000.0,497,307,CAJA
2,false,6500.0,13000.0,498,308,CAJA
3,false,6000.0,12000.0,499,309,CAJA
1,false,8000.0,16000.0,500,310,FRASCO
1,false,8000.0,16000.0,501,311,FRASCO
4,false,15950.0,24000.0,502,312,CAJA
12,false,4000.0,8000.0,503,312,BLISTER
140,false,400.0,800.0,504,312,UNIDAD
1,false,11200.0,17000.0,505,313,CAJA
2,false,4200.0,8500.0,506,314,CAJA
6,false,1400.0,3000.0,507,314,BLISTER
5,false,1200.0,2500.0,508,315,CAJA
2,false,1800.0,3500.0,509,316,CAJA
5,false,2100.0,4200.0,510,317,CAJA
6,false,2500.0,5000.0,511,318,CAJA
3,false,3000.0,6000.0,512,319,CAJA
2,false,400.0,800.0,513,320,PAQUETE
12,false,1000.0,2000.0,514,321,PAQUETE
5,false,1500.0,3000.0,515,322,PAQUETE
1,false,1800.0,3900.0,516,323,PAQUETE
10,false,2000.0,4000.0,517,324,PAQUETE
5,false,2000.0,4000.0,518,325,PAQUETE
3,false,4500.0,20000.0,519,326,FRASCO
4,false,4000.0,16000.0,520,327,FRASCO
1,false,4600.0,23000.0,521,328,FRASCO
3,false,4000.0,16000.0,522,329,CAJA
6,false,4000.0,20000.0,523,330,FRASCO
5,false,4000.0,12000.0,524,331,FRASCO
5,false,5000.0,26000.0,525,332,FRASCO
2,false,4500.0,18000.0,526,333,FRASCO
10,false,6000.0,14000.0,527,334,FRASCO
9,false,4500.0,15000.0,528,335,FRASCO
2,false,5400.0,25000.0,529,336,FRASCO
2,false,4500.0,18000.0,530,337,FRASCO
4,false,4500.0,23000.0,531,338,FRASCO
1,false,5500.0,26000.0,532,339,FRASCO
1,false,5500.0,15000.0,533,340,FRASCO
2,false,3000.0,6000.0,534,341,FRASCO
4,false,1500.0,4000.0,535,342,FRASCO
5,false,2500.0,5000.0,536,343,FRASCO
1,false,4000.0,8000.0,537,344,FRASCO
3,false,3000.0,7000.0,538,345,FRASCO
4,false,6000.0,12000.0,539,346,FRASCO
2,false,4000.0,10000.0,540,347,FRASCO
1,false,4500.0,10500.0,541,348,FRASCO
1,false,6000.0,12000.0,542,349,FRASCO
1,false,5000.0,10000.0,543,350,FRASCO
3,false,5500.0,12000.0,544,351,FRASCO
3,false,12000.0,15000.0,545,352,FRASCO
1,false,5000.0,10000.0,546,353,FRASCO
2,false,6000.0,13500.0,547,354,FRASCO
2,false,5000.0,10900.0,548,355,FRASCO
1,false,6268.0,9500.0,549,356,GOTAS
1,false,5000.0,10000.0,550,357,FRASCO
2,false,4500.0,9000.0,551,358,FRASCO
3,false,6000.0,12000.0,552,359,FRASCO
1,false,26000.0,110000.0,553,360,CAJA
4,false,3000.0,6000.0,554,360,BLISTER
31,false,400.0,1000.0,555,360,UNIDAD
1,false,35000.0,100000.0,556,361,CAJA
18,false,1400.0,4800.0,557,361,BLISTER
73,false,350.0,1200.0,558,361,UNIDAD
1,false,35000.0,95000.0,559,362,CAJA
8,false,3500.0,10000.0,560,362,BLISTER
85,false,350.0,1000.0,561,362,UNIDAD
1,false,38000.0,100000.0,562,363,CAJA
11,false,6000.0,12000.0,563,363,BLISTER
126,false,600.0,1200.0,564,363,UNIDAD
1,false,56000.0,64000.0,565,364,CAJA
16,false,1866.0,2400.0,566,364,BLISTER
34,false,933.0,1200.0,567,364,UNIDAD
1,false,46000.0,55000.0,568,365,CAJA
46,false,1800.0,2400.0,569,365,BLISTER
92,false,900.0,1200.0,570,365,UNIDAD
1,false,20000.0,30000.0,571,366,CAJA
21,false,1330.0,2000.0,572,366,BLISTER
85,false,330.0,500.0,573,366,UNIDAD
1,false,58000.0,120000.0,574,367,CAJA
2,false,3866.0,8800.0,575,367,BLISTER
8,false,966.0,2200.0,576,367,UNIDAD
1,false,30000.0,58000.0,577,368,CAJA
12,false,1500.0,3000.0,578,368,UNIDAD
1,false,25000.0,50000.0,579,369,CAJA
60,false,1562.0,3200.0,580,369,UNIDAD
3,false,58000.0,69000.0,581,370,CAJA
73,false,2900.0,3800.0,582,370,UNIDAD
1,false,35000.0,100000.0,583,371,CAJA
12,false,3500.0,10800.0,584,371,BLISTER
12,false,583.0,1800.0,585,371,UNIDAD
1,false,75000.0,130000.0,586,372,CAJA
7,false,5000.0,9000.0,587,372,BLISTER
14,false,2500.0,4500.0,588,372,UNIDAD
1,false,35000.0,130000.0,589,373,CAJA
13,false,1200.0,4500.0,590,373,UNIDAD
8,false,1250.0,2500.0,591,374,SOBRE
1,false,30000.0,60000.0,592,375,CAJA
17,false,1250.0,2500.0,593,375,SOBRE
1,false,35000.0,80000.0,594,376,CAJA
8,false,2400.0,7200.0,595,376,BLISTER
52,false,400.0,1200.0,596,376,UNIDAD
1,false,9000.0,16000.0,597,377,CAJA
2,false,3000.0,6000.0,598,377,BLISTER
30,false,250.0,500.0,599,377,UNIDAD
1,false,35000.0,70000.0,600,378,CAJA
3,false,5800.0,12000.0,601,378,BLISTER
23,false,483.0,1000.0,602,378,UNIDAD
1,false,12000.0,19000.0,603,379,CAJA
2,false,4000.0,7200.0,604,379,BLISTER
10,false,1000.0,1800.0,605,379,UNIDAD
1,false,18000.0,30000.0,606,380,CAJA
6,false,3000.0,6000.0,607,380,UNIDAD
1,false,8000.0,16000.0,608,381,FRASCO
1,false,8000.0,14000.0,609,382,FRASCO
4,false,8000.0,18000.0,610,383,FRASCO
2,false,25000.0,55000.0,611,384,TARRO
1,false,35000.0,55000.0,612,385,TARRO
1,false,35000.0,60000.0,613,386,TARRO
1,false,55000.0,65000.0,614,387,TARRO
1,false,25000.0,52000.0,615,388,TARRO
2,false,15000.0,35000.0,616,389,TARRO
1,false,18000.0,35000.0,617,390,FRASCO
1,false,18000.0,30000.0,618,391,FRASCO
1,false,18000.0,30000.0,619,392,FRASCO
1,false,18000.0,35000.0,620,393,FRASCO
1,false,18000.0,35000.0,621,394,FRASCO
1,false,6500.0,15000.0,622,395,FRASCO
1,false,15000.0,30000.0,623,396,FRASCO
1,false,15000.0,30000.0,624,397,FRASCO
1,false,18000.0,30000.0,625,398,FRASCO
1,false,18000.0,30000.0,626,399,FRASCO
1,false,18000.0,30000.0,627,400,FRASCO
1,false,12000.0,24000.0,628,401,FRASCO
1,false,12500.0,25000.0,629,402,FRASCO
1,false,14500.0,28000.0,630,403,BOLSA
1,false,12000.0,19000.0,631,404,FRASCO
1,false,33500.0,42000.0,632,405,FRASCO
1,false,15000.0,30000.0,633,406,FRASCO
1,false,14000.0,30000.0,634,407,FRASCO
1,false,8000.0,13000.0,635,408,TARRO
2,false,3500.0,6000.0,636,409,CAJA
14,false,600.0,1200.0,637,409,UNIDAD
1,false,18000.0,36000.0,638,410,CAJA
3,false,1500.0,3000.0,639,410,SOBRE
1,false,8000.0,16000.0,640,411,TARRO
1,false,25000.0,40000.0,641,412,CAJA
7,false,2500.0,4000.0,642,412,BLISTER
1,false,20000.0,40000.0,643,413,CAJA
1,false,5000.0,10000.0,644,413,BLISTER
1,false,18000.0,38000.0,645,414,CAJA
6,false,4500.0,10000.0,646,414,BLISTER
2,false,25000.0,40000.0,647,415,CAJA
6,false,8300.0,14000.0,648,415,BLISTER
1,false,25000.0,50000.0,649,416,CAJA
4,false,6250.0,13000.0,650,416,BLISTER
1,false,14000.0,28000.0,651,417,CAJA
2,false,7000.0,14000.0,652,417,BLISTER
1,false,15000.0,30000.0,653,418,CAJA
2,false,7500.0,15000.0,654,418,BLISTER
1,false,15000.0,30000.0,655,419,CAJA
2,false,7500.0,15000.0,656,419,BLISTER
1,false,25000.0,40000.0,657,420,CAJA
1,false,5000.0,8000.0,658,420,BLISTER
1,false,15000.0,32500.0,659,421,CAJA
1,false,3000.0,6500.0,660,421,BLISTER
22,false,300.0,700.0,661,421,UNIDAD
1,false,10000.0,20000.0,662,422,CAJA
2,false,5000.0,10000.0,663,422,BLISTER
1,false,7000.0,28000.0,664,423,CAJA
8,false,200.0,1400.0,665,423,BLISTER
16,false,100.0,700.0,666,423,UNIDAD
4,false,5000.0,10500.0,667,424,FRASCO
1,false,15000.0,24000.0,668,425,CAJA
22,false,1500.0,3000.0,669,425,UNIDAD
1,false,12000.0,25000.0,670,426,CAJA
3,false,4000.0,9000.0,671,426,BLISTER
2,false,12500.0,25000.0,672,427,CAJA
1,false,16500.0,33500.0,673,428,FRASCO
2,false,25000.0,35000.0,674,429,FRASCO
4,false,7500.0,15000.0,675,430,FRASCO
2,false,9000.0,18500.0,676,431,FRASCO
4,false,9363.0,18000.0,677,432,FRASCO
1,false,9000.0,18000.0,678,433,FRASCO
1,false,9500.0,18000.0,679,434,FRASCO
1,false,14000.0,28000.0,680,435,FRASCO
2,false,7000.0,14000.0,681,436,FRASCO
2,false,15330.0,24000.0,682,437,FRASCO
3,false,9500.0,18000.0,683,438,FRASCO
3,false,8329.0,18000.0,684,439,FRASCO
3,false,9000.0,18000.0,685,440,FRASCO
2,false,12000.0,25000.0,686,441,FRASCO
1,false,18000.0,36000.0,687,442,FRASCO
1,false,12000.0,23500.0,688,443,FRASCO
3,false,8000.0,16000.0,689,444,FRASCO
7,false,7500.0,15000.0,690,445,FRASCO
4,false,8000.0,15000.0,691,446,FRASCO
1,false,9500.0,18500.0,692,447,FRASCO
2,false,7500.0,14500.0,693,448,FRASCO
4,false,6000.0,11900.0,694,449,FRASCO
2,false,3000.0,7000.0,695,450,FRASCO
1,false,7000.0,13000.0,696,451,FRASCO
1,false,6000.0,12000.0,697,452,FRASCO
3,false,3500.0,6000.0,698,453,FRASCO
7,false,4000.0,8000.0,699,454,FRASCO
2,false,3000.0,6000.0,700,455,FRASCO
3,false,3000.0,6000.0,701,456,FRASCO
2,false,3500.0,7000.0,702,457,FRASCO
2,false,4000.0,8000.0,703,458,FRASCO
1,false,5000.0,9700.0,704,459,FRASCO
1,false,3500.0,7000.0,705,460,FRASCO
1,false,18000.0,38000.0,706,461,CAJA
6,false,1800.0,4000.0,707,461,BLISTER
1,false,15000.0,30000.0,708,462,TARRO
1,false,15000.0,30000.0,709,463,FRASCO
1,false,14000.0,28000.0,710,464,FRASCO
1,false,24000.0,24000.0,711,465,PAÑAL
2,false,15400.0,19000.0,712,466,PAÑAL
1,false,10900.0,13500.0,713,467,PAÑAL
1,false,26000.0,34900.0,714,468,PAÑAL
17,false,1040.0,1500.0,715,468,UNIDAD
8,false,1800.0,2200.0,716,469,PAPEL
4,false,1800.0,2400.0,717,470,PAPEL
36,false,1600.0,2000.0,718,471,PAPEL
7,false,1800.0,2200.0,719,472,PAPEL
1,false,15000.0,20000.0,720,473,PROTECTORES
1,false,14000.0,18900.0,721,474,PROTECTORES
1,false,12000.0,18900.0,722,475,CAJA
55,false,7600.0,14000.0,723,476,TUBO
1,false,63000.0,108000.0,724,477,CAJA
25,false,2625.0,4700.0,725,477,SOBRE
1,false,2300.0,2900.0,726,478,COJIN
1,false,1500.0,2000.0,727,479,SOBRE
1,false,14400.0,18000.0,728,480,CAJA
12,false,1200.0,1500.0,729,480,COJIN
1,false,14000.0,18000.0,730,481,CAJA
11,false,1166.0,1500.0,731,481,SOBRES
1,false,18000.0,21600.0,732,482,CAJA
16,false,1500.0,1800.0,733,482,COJIN
1,false,14000.0,21000.0,734,483,CAJA
2,false,1100.0,1800.0,735,483,COJIN
1,false,14000.0,21000.0,736,484,CAJA
12,false,1160.0,1800.0,737,484,SOBRES
1,false,14000.0,21600.0,738,485,CAJA
11,false,1100.0,1800.0,739,485,COJIN
1,false,8500.0,11000.0,740,486,PAQUETE
1,false,2000.0,2500.0,741,487,PAQUETE
3,false,1500.0,2000.0,742,488,PAQUETE
2,false,3500.0,4500.0,743,489,PAQUETE
1,false,3500.0,5000.0,744,490,PAQUETE
5,false,4500.0,5600.0,745,491,PAQUETE
1,false,3000.0,4000.0,746,492,PAQUETE
2,false,2500.0,3500.0,747,493,PAQUETE
2,false,12000.0,15900.0,748,494,PAQUETE
3,false,2500.0,3500.0,749,495,PAQUETE
4,false,2800.0,3900.0,750,496,PAQUETE
2,false,4800.0,5900.0,751,497,PAQUETE
1,false,10500.0,12900.0,752,498,PAQUETE
1,false,8500.0,12900.0,753,499,FRASCO
1,false,3000.0,4000.0,754,500,PAQUETE
1,false,2000.0,3000.0,755,501,PAQUETE
6,false,200.0,500.0,756,501,UNIDAD
6,false,2000.0,2500.0,757,502,PAQUETE
1,false,2500.0,4900.0,758,503,SOBRE
2,false,2000.0,3000.0,759,504,SOBRE
5,false,700.0,1500.0,760,505,PAQUETE
3,false,2500.0,4500.0,761,506,PAQUETE
2,false,12000.0,14500.0,762,507,PAQUETE
2,false,7500.0,10000.0,763,508,PAQUETE
3,false,1500.0,2000.0,764,509,SOBRES
4,false,3500.0,4500.0,765,510,PAQUETE
5,false,12000.0,15000.0,766,511,PAQUETE
12,false,2500.0,4000.0,767,512,PAQUETE
10,false,250.0,500.0,768,513,PAQUETE
3,false,7590.0,11400.0,769,514,TARRO
5,false,5000.0,8000.0,770,515,PAQUETE
3,false,8400.0,10500.0,771,516,FRASCO
2,false,7800.0,9800.0,772,517,FRASCO
20,false,6800.0,8500.0,773,518,FRASCO
50,false,500.0,1000.0,774,519,FRASCO
1,false,57000.0,72000.0,775,520,CAJA
1,false,19000.0,25000.0,776,520,UNIDAD
1,false,8000.0,12000.0,777,521,CAJA
3,false,8500.0,12500.0,778,522,CAJA
1,false,8000.0,11900.0,779,523,CAJA
1,false,25000.0,30000.0,780,524,CAJA
3,false,8300.0,12000.0,781,524,BLISTER
30,false,830.0,1200.0,782,524,UNIDAD
2,false,7500.0,9900.0,783,525,CAJA
1,false,8000.0,12500.0,784,526,CAJA
3,false,1500.0,5000.0,785,527,CAJA
2,false,1800.0,5000.0,786,528,CAJA
1,false,7000.0,10000.0,787,529,CAJA
1,false,5000.0,7900.0,788,530,CAJA
4,false,8500.0,12000.0,789,531,FRASCO
1,false,8500.0,14000.0,790,532,FRASCO
1,false,6500.0,9000.0,791,533,FRASCO
1,false,16000.0,23000.0,792,534,FRASCO
3,false,4500.0,9500.0,793,535,FRASCO
1,false,24000.0,72000.0,794,536,CAJA
24,false,1000.0,3000.0,795,536,UNIDAD
2,false,8000.0,15000.0,796,537,FRASCO
1,false,8500.0,15500.0,797,538,FRASCO
4,false,8500.0,16000.0,798,539,FRASCO
1,false,9500.0,18000.0,799,540,FRASCO
2,false,15000.0,22000.0,800,541,TUBO
2,false,8500.0,16500.0,801,542,FRASCO
1,false,8000.0,14000.0,802,543,FRASCO
3,false,12000.0,17000.0,803,544,FRASCO
1,false,8000.0,18000.0,804,545,FRASCO
2,false,4500.0,9000.0,805,546,FRASCO
2,false,4500.0,9500.0,806,547,FRASCO
2,false,4000.0,8000.0,807,548,FRASCO
1,false,15000.0,26500.0,808,549,TUBO
1,false,9000.0,18000.0,809,550,TUBO
1,false,8500.0,14000.0,810,551,TUBO
1,false,8500.0,16500.0,811,552,TUBO
1,false,7000.0,14000.0,812,553,TUBO
1,false,7500.0,15000.0,813,554,TUBO
1,false,4500.0,9500.0,814,555,TUBO
3,false,8500.0,16000.0,815,556,TUBO
1,false,7000.0,14000.0,816,557,TUBO
1,false,6000.0,13000.0,817,558,TUBO
2,false,7000.0,14500.0,818,559,TUBO
3,false,12000.0,20000.0,819,560,TUBO
2,false,14000.0,19900.0,820,561,TUBO
3,false,8500.0,19000.0,821,562,TUBO
2,false,6000.0,12000.0,822,563,TUBO
2,false,16000.0,22000.0,823,564,TUBO
3,false,10000.0,20000.0,824,565,TUBO
1,false,16000.0,25000.0,825,566,TUBO
1,false,8500.0,10500.0,826,567,CREMA
1,false,7000.0,9000.0,827,568,CREMA
3,false,2000.0,5000.0,828,569,CREMA
1,false,2500.0,5000.0,829,570,CREMA
1,false,2500.0,5000.0,830,571,CREMA
2,false,2000.0,5000.0,831,573,CREMA
1,false,4000.0,8500.0,832,574,POTE
1,false,4000.0,8000.0,833,575,POTE
2,false,9363.0,14000.0,834,576,CAJA
1,false,17268.0,38000.0,835,577,FRASCO
1,false,8136.0,12000.0,836,578,FRASCO
1,false,7235.0,10500.0,837,579,TARRO
2,false,2908.0,7000.0,838,580,FRASCO
2,false,7234.0,11000.0,839,581,TUBO
1,false,29200.0,35000.0,840,582,CAJA
30,false,973.0,2500.0,841,582,UNIDAD
5,false,3333.0,7000.0,842,583,POTE
1,false,86000.0,125000.0,843,584,CAJA
21,false,3440.0,5200.0,844,584,BLISTER
89,false,860.0,1300.0,845,584,UNIDAD
1,false,36000.0,70000.0,846,585,CAJA
1,false,3600.0,7500.0,847,585,BLISTER
10,false,360.0,800.0,848,585,UNIDAD
1,false,54000.0,70000.0,849,586,CAJA
15,false,3600.0,4800.0,850,586,BLISTER
60,false,900.0,1200.0,851,586,UNIDAD
1,false,25000.0,31000.0,852,587,CAJA
18,false,1560.0,2000.0,853,587,UNIDAD
1,false,26000.0,31000.0,854,588,CAJA
12,false,2100.0,2800.0,855,588,UNIDAD
5,false,2500.0,5000.0,856,589,CAJA
1,false,17000.0,20000.0,857,590,CAJA
1,false,1400.0,1800.0,858,590,UNIDAD
1,false,33000.0,39000.0,859,591,CAJA
10,false,1650.0,2200.0,860,591,UNIDAD
1,false,45000.0,54000.0,861,592,CAJA
27,false,1870.0,2600.0,862,592,SOBRES
1,false,42000.0,50000.0,863,593,CAJA
22,false,1750.0,2300.0,864,593,SOBRE
1,false,42000.0,50000.0,865,594,CAJA
33,false,1750.0,2300.0,866,594,SOBRE
1,false,16000.0,19000.0,867,595,CAJA
4,false,2600.0,3400.0,868,595,SOBRE
1,false,18000.0,22000.0,869,596,CAJA
3,false,3000.0,3500.0,870,596,SOBRE
2,false,62000.0,74000.0,871,597,CAJA
123,false,1290.0,1800.0,872,597,UNIDAD
1,false,45000.0,70000.0,873,598,CAJA
45,false,937.0,1700.0,874,598,UNIDAD
1,false,43000.0,52000.0,875,599,CAJA
11,false,3583.0,7200.0,876,599,BLISTER
50,false,900.0,1800.0,877,599,UNIDAD
1,false,60000.0,72000.0,878,600,CAJA
7,false,12000.0,18000.0,879,600,BLISTER
81,false,1200.0,1800.0,880,600,UNIDAD
1,false,9600.0,12000.0,881,601,CAJA
5,false,1200.0,1500.0,882,601,UNIDAD
1,false,28000.0,33600.0,883,602,CAJA
6,false,1400.0,1800.0,884,602,UNIDAD
1,false,85000.0,102000.0,885,603,CAJA
58,false,1420.0,2500.0,886,603,UNIDAD
2,false,8500.0,15000.0,887,604,FRASCO
1,false,36000.0,60000.0,888,605,CAJA
7,false,1500.0,3000.0,889,605,SOBRES
1,false,20000.0,25000.0,890,606,CAJA
8,false,2000.0,3000.0,891,606,SOBRE
1,false,24000.0,30000.0,892,607,CAJA
5,false,2000.0,3000.0,893,607,SOBRE
1,false,24000.0,30000.0,894,608,CAJA
5,false,2000.0,3000.0,895,608,SOBRE
1,false,20000.0,25000.0,896,609,CAJA
7,false,2000.0,3000.0,897,609,SOBRE
1,false,18000.0,28000.0,898,610,FRASCO
2,false,13000.0,22000.0,899,611,FRASCO
2,false,7500.0,15000.0,900,612,FRASCO
2,false,4000.0,8000.0,901,613,FRASCO
1,false,40000.0,75000.0,902,614,CAJA
36,false,1000.0,2000.0,903,614,BLISTER
1,false,24000.0,45000.0,904,615,CAJA
10,false,1000.0,2000.0,905,615,SOBRE
1,false,24000.0,36000.0,906,616,CAJA
18,false,2000.0,3000.0,907,616,POTE
1,false,24000.0,36000.0,908,617,CAJA
6,false,2000.0,3500.0,909,617,UNIDAD
7,false,3500.0,6000.0,910,618,UNIDAD
1,false,16000.0,22000.0,911,619,POTE
1,false,2500.0,4500.0,912,620,POTE
1,false,26000.0,36000.0,913,621,CAJA
4,false,2200.0,3000.0,914,621,SOBRE
1,false,3500.0,6500.0,915,622,FRASCO
2,false,20000.0,35000.0,916,623,CAJA
280,false,200.0,400.0,917,623,UNIDAD
5,false,1500.0,2500.0,918,624,FRASCO
19,false,200.0,500.0,919,625,UNIDAD
3,false,3000.0,5000.0,920,626,FRASCO
10,false,1500.0,2500.0,921,627,SOBRE
24,false,2500.0,4000.0,922,628,FRASCO
2,false,18000.0,23000.0,923,629,FRASCO
1,false,45000.0,80000.0,924,630,CAJA
4,false,12000.0,16000.0,925,630,BLISTER
8,false,6000.0,8000.0,926,630,MEDIO B
1,false,65000.0,80000.0,927,631,CAJA
39,false,1600.0,2200.0,928,631,UNIDAD
1,false,72000.0,90000.0,929,632,CAJA
50,false,1800.0,2300.0,930,632,UNIDAD
2,false,13000.0,16800.0,931,633,CAJA
17,false,2100.0,2800.0,932,633,UNIDAD
1,false,10000.0,20000.0,933,634,CAJA
34,false,500.0,1000.0,934,634,UNIDAD
2,false,15000.0,19000.0,935,635,FRASCO
1,false,16000.0,19000.0,936,636,FRASCO
1,false,20000.0,26000.0,937,637,FRASCO
1,false,26000.0,34000.0,938,638,CAJA
28,false,1300.0,1800.0,939,638,UNIDAD
1,false,10000.0,14000.0,940,639,CAJA
14,false,800.0,1200.0,941,639,UNIDAD
1,false,85000.0,102000.0,942,640,CAJA
120,false,1100.0,1500.0,943,640,UNIDAD
1,false,36000.0,43000.0,944,641,CAJA
27,false,1500.0,2000.0,945,641,UNIDAD
1,false,72000.0,86000.0,946,642,CAJA
59,false,1500.0,2000.0,947,642,UNIDAD
1,false,86000.0,103000.0,948,643,CAJA
51,false,1800.0,2200.0,949,643,UNIDAD
1,false,18000.0,22000.0,950,644,CAJA
11,false,1500.0,1800.0,951,644,UNIDAD
1,false,64800.0,78000.0,952,645,CAJA
22,false,1800.0,2200.0,953,645,UNIDAD
1,false,20400.0,25000.0,954,646,CAJA
14,false,1700.0,2200.0,955,646,UNIDAD
1,false,26000.0,28000.0,956,647,CAJA
11,false,1200.0,1500.0,957,647,UNIDAD
1,false,48000.0,72000.0,958,648,CAJA
26,false,800.0,1200.0,959,648,UNIDAD
1,false,20000.0,25000.0,960,649,FRASCO
2,false,6000.0,8500.0,961,650,FRASCO
3,false,4500.0,7000.0,962,651,FRASCO
2,false,8500.0,10900.0,963,652,FRASCO
1,false,10000.0,21000.0,964,653,FRASCO
2,false,3000.0,5000.0,965,654,FRASCO
2,false,6500.0,8500.0,966,655,FRASCO
2,false,6000.0,7500.0,967,656,FRASCO
2,false,5000.0,7000.0,968,657,FRASCO
2,false,2000.0,4000.0,969,658,FRASCO
3,false,4000.0,6000.0,970,659,FRASCO
23,false,500.0,1000.0,971,660,UNIDAD
13,false,1000.0,2000.0,972,661,UNIDAD
5,false,500.0,1000.0,973,662,UNIDAD
5,false,1000.0,2000.0,974,663,UNIDAD
7,false,500.0,1000.0,975,664,UNIDAD
11,false,1000.0,2000.0,976,665,UNIDAD
16,false,500.0,1000.0,977,666,UNIDAD
1,false,17000.0,21900.0,978,667,CAJA
40,false,400.0,1000.0,979,668,PAR
45,false,600.0,1500.0,980,669,PAR
1,false,10000.0,20000.0,981,670,CAJA
37,false,500.0,1000.0,982,670,UNIDAD
1,false,10000.0,20000.0,983,671,CAJA
22,false,500.0,1000.0,984,671,UNIDAD
100,false,10000.0,20000.0,985,672,CAJA
134,false,50.0,200.0,986,672,UNIDAD
15,false,1000.0,2000.0,987,673,CAJA
4,false,1000.0,2000.0,988,674,CAJA
1,false,15000.0,22900.0,989,675,CAJA
3,false,1193.0,2500.0,990,676,UNIDAD
1,false,15000.0,25000.0,991,677,CAJA
48,false,250.0,500.0,992,677,UNIDAD
1,false,15000.0,25000.0,993,678,CAJA
70,false,300.0,500.0,994,678,UNIDAD
15,false,200.0,500.0,995,679,UNIDAD
14,false,1500.0,2900.0,996,680,UNIDAD
2,false,3300.0,5000.0,997,681,UNIDAD
4,false,1500.0,2900.0,998,682,CAJA
1,false,30000.0,60000.0,999,683,CAJA
28,false,600.0,1200.0,1000,683,UNIDAD
1,false,30000.0,70000.0,1001,684,CAJA
79,false,300.0,700.0,1002,684,UNIDAD
1,false,15000.0,25000.0,1003,685,BOLSO
1,false,16000.0,22700.0,1004,686,CAJA
2,false,1000.0,1500.0,1005,688,CAJA
4,false,1000.0,1500.0,1006,689,CAJA
11,false,500.0,1000.0,1007,690,CAJA
9,false,1000.0,1500.0,1008,691,CAJA
1,false,7000.0,9000.0,1009,692,FRASCO
80,false,200.0,500.0,1010,693,UNIDAD
11,false,1000.0,2000.0,1011,694,UNIDAD
7,false,200.0,500.0,1012,695,UNIDAD
1,false,2000.0,4500.0,1013,696,BOLSA
2,false,3000.0,4500.0,1014,697,BOLSA
2,false,3500.0,7000.0,1015,698,FRASCO
5,false,3500.0,7000.0,1016,699,FRASCO
2,false,1500.0,3500.0,1017,700,FRASCO
3,false,2500.0,4500.0,1018,701,FRASCO
2,false,4500.0,6500.0,1019,702,FRASCO
2,false,4500.0,9000.0,1020,703,FRASCO
1,false,2500.0,5000.0,1021,704,BOLSA
1,false,4000.0,6800.0,1022,705,FRASCO
1,false,3000.0,5900.0,1023,706,FRASCO
1,false,14500.0,29000.0,1024,707,FRASCO
2,false,2500.0,4500.0,1025,708,FRASCO
5,false,1000.0,2000.0,1026,709,FRASCO
1,false,14000.0,18000.0,1027,710,TARRO
2,false,2600.0,3200.0,1028,711,TARRO
4,false,2000.0,3000.0,1029,712,TARRO
3,false,2000.0,4000.0,1030,713,POTE
2,false,2000.0,3200.0,1031,714,POTE
3,false,2000.0,3000.0,1032,715,POTE
7,false,1000.0,2000.0,1033,716,POTE
2,false,2500.0,5000.0,1034,717,FRASCO
1,false,6500.0,12000.0,1035,718,FRASCO
1,false,5000.0,10000.0,1036,719,FRASCO
4,false,4000.0,8000.0,1037,720,FRASCO
4,false,1000.0,2000.0,1038,721,FRASCO
17,false,1000.0,2000.0,1039,722,FRASCO
4,false,1000.0,2000.0,1040,723,FRASCO
4,false,1000.0,2000.0,1041,724,FRASCO
1,false,1000.0,2000.0,1042,725,FRASCO
3,false,800.0,1200.0,1043,726,FRASCO
2,false,2500.0,5000.0,1044,727,FRASCO
3,false,1000.0,2000.0,1045,728,FRASCO
9,false,1000.0,2000.0,1046,729,FRASCO
5,false,1000.0,2000.0,1047,730,FRASCO
3,false,1000.0,2000.0,1048,731,FRASCO
3,false,1000.0,2000.0,1049,732,FRASCO
6,false,1000.0,2000.0,1050,733,FRASCO
7,false,1000.0,2000.0,1051,734,FRASCO
3,false,3000.0,7000.0,1052,735,FRASCO
8,false,1000.0,2000.0,1053,736,FRASCO
6,false,1000.0,2000.0,1054,737,FRASCO
1,false,1000.0,2000.0,1055,738,FRASCO
1,false,1000.0,2000.0,1056,739,FRASCO
2,false,1000.0,2000.0,1057,740,FRASCO
3,false,1000.0,2000.0,1058,741,FRASCO
5,false,1000.0,2000.0,1059,742,FRASCO
2,false,1000.0,2000.0,1060,743,FRASCO
4,false,1000.0,2000.0,1061,744,FRASCO
6,false,1000.0,2000.0,1062,745,FRASCO
6,false,1000.0,2000.0,1063,746,FRASCO
3,false,1000.0,2000.0,1064,747,FRASCO
6,false,1000.0,2000.0,1065,748,FRASCO
3,false,1000.0,2000.0,1066,749,FRASCO
2,false,1000.0,2500.0,1067,750,FRASCO
3,false,3500.0,7000.0,1068,751,FRASCO
10,false,200.0,500.0,1069,752,UNIDAD
39,false,2000.0,2600.0,1070,753,BLISTER
30,false,200.0,350.0,1071,754,UNIDAD
14,false,1000.0,2000.0,1072,755,SOBRE
44,false,200.0,600.0,1073,756,UNIDAD
26,false,300.0,600.0,1074,757,UNIDAD
11,false,300.0,600.0,1075,758,UNIDAD
19,false,1600.0,2400.0,1076,759,BLISTER
41,false,800.0,1200.0,1077,759,UNIDAD
32,false,300.0,600.0,1078,760,UNIDAD
20,false,300.0,600.0,1079,761,UNIDAD
4,false,300.0,600.0,1080,762,UNIDAD
20,false,300.0,600.0,1081,763,UNIDAD
15,false,300.0,600.0,1082,764,UNIDAD
44,false,300.0,600.0,1083,765,UNIDAD
32,false,300.0,600.0,1084,766,UNIDAD
36,false,300.0,600.0,1085,767,UNIDAD
24,false,300.0,500.0,1086,768,UNIDAD
46,false,300.0,600.0,1087,769,UNDAD
54,false,300.0,600.0,1088,770,UNIDAD
22,false,300.0,600.0,1089,771,UNIDAD
17,false,300.0,600.0,1090,772,UNIDAD
13,false,300.0,600.0,1091,773,UNIDAD
3,false,600.0,2000.0,1092,774,UNIDAD
24,false,300.0,600.0,1093,775,UNIDAD
14,false,300.0,600.0,1094,776,UNIDAD
22,false,300.0,600.0,1095,777,UNIDAD
83,false,300.0,400.0,1096,778,UNIDAD
24,false,300.0,600.0,1097,779,UNIDAD
3,false,300.0,700.0,1098,780,UNIDAD
2,false,1500.0,3300.0,1099,781,UNIDAD
2,false,2500.0,6200.0,1100,782,UNIDAD
3,false,1000.0,2500.0,1101,783,UNIDAD
3,false,200.0,4500.0,1102,784,UNIDAD
1,false,2000.0,4500.0,1103,785,UNIDAD
2,false,800.0,2000.0,1104,786,UNIDAD
3,false,800.0,2400.0,1105,787,UNIDAD
8,false,100.0,500.0,1106,788,UNIDAD
2,false,100.0,500.0,1107,789,UNIDAD
5,false,1200.0,3000.0,1108,790,UNIDAD
1,false,1500.0,5200.0,1109,791,UNIDAD
1,false,3500.0,8500.0,1110,792,UNIDAD
24,false,1000.0,3400.0,1111,793,CAJA 
17,false,1500.0,4000.0,1112,794,CAJA
145,false,1200.0,4000.0,1113,795,CAJA
2,false,5000.0,10900.0,1114,796,PAQUETE 
1,false,5500.0,14500.0,1115,797,PAQUETE
68,false,200.0,700.0,1116,798,TARRO 
69,false,200.0,700.0,1117,799,TARRO
1,false,5000.0,12600.0,1118,800,CAJA
11,false,300.0,1000.0,1119,801,UNIDAD
5,false,400.0,1500.0,1120,802,UNIDAD 
11,false,300.0,1000.0,1121,803,UNIDAD
12,false,1000.0,3200.0,1122,804,UNIDAD
6,false,400.0,1500.0,1123,805,UNIDAD
2,false,300.0,1000.0,1124,806,UNIDAD 
9,false,1800.0,2400.0,1125,807,UNIDAD
8,false,2000.0,3000.0,1126,808,UNIDAD
6,false,3000.0,4500.0,1127,809,UNIDAD
7,false,1600.0,2300.0,1128,810,UNIDAD
7,false,3200.0,4500.0,1129,811,UNIDAD
15,false,1000.0,2000.0,1130,812,UNIDAD
1,false,5000.0,7000.0,1131,813,UNIDAD
3,false,1800.0,2500.0,1132,814,UNIDAD
6,false,3600.0,4500.0,1133,815,UNIDAD
10,false,2500.0,4000.0,1134,816,UNIDAD
1,false,10000.0,13500.0,1135,817,CAJA
3,false,7500.0,9900.0,1136,818,CAJA
100,false,300.0,700.0,1137,819,UNIDAD
9,false,2000.0,3500.0,1138,820,UNIDAD
1,false,3500.0,5500.0,1139,821,UNIDAD
6,false,1000.0,2500.0,1140,822,UNIDAD
3,false,12500.0,17500.0,1141,823,TARRO
1,false,8500.0,11900.0,1142,824,BOLSA
1,false,7500.0,9900.0,1143,825,TARRO
3,false,18000.0,22800.0,1144,826,POTE
1,false,18000.0,22900.0,1145,827,POTE
1,false,15000.0,18500.0,1146,828,POTE
3,false,16000.0,18900.0,1147,829,POTE
1,false,8000.0,12000.0,1148,830,POTE
2,false,12000.0,15000.0,1149,831,POTE
1,false,9500.0,12900.0,1150,832,POTE
1,false,11000.0,13000.0,1151,833,POTE
1,false,12500.0,16500.0,1152,834,POTE
1,false,12000.0,14000.0,1153,835,POTE
2,false,18000.0,22000.0,1154,836,POTE
1,false,17500.0,23000.0,1155,837,TARRO
1,false,28000.0,34900.0,1156,838,FRASCO
1,false,16500.0,19900.0,1157,839,TARRO
4,false,8500.0,12000.0,1158,840,POTE
2,false,8500.0,12000.0,1159,841,POTE
6,false,3000.0,4500.0,1160,842,POTE
100,false,1500.0,3000.0,1161,843,GRUPO
12,false,1000.0,2000.0,1162,844,Unidades 
7,false,2500.0,4300.0,1163,845,ROLON
1,false,2500.0,4300.0,1164,846,ROLON
2,false,2500.0,4200.0,1165,847,ROLON
1,false,2500.0,4200.0,1166,848,ROLON 
2,false,2500.0,4300.0,1167,849,CREMA
2,false,2500.0,4300.0,1168,850,CREMA
5,false,2500.0,4300.0,1169,851,CREMA
2,false,2500.0,8000.0,1170,852,CREMA
6,false,2500.0,4300.0,1171,853,CREMA
3,false,2500.0,4300.0,1172,854,CREMA
1,false,12000.0,20000.0,1173,855,TARRO
1,false,3000.0,6900.0,1174,856,SOBRE
1,false,3000.0,6900.0,1175,857,SOBRE
1,false,3000.0,6900.0,1176,858,SOBRE
3,false,5000.0,9000.0,1177,859,TARRO
1,false,5000.0,9000.0,1178,860,TARRO
1,false,5000.0,9500.0,1179,861,TARRO
6,false,2000.0,4500.0,1180,862,CAJA
6,false,2000.0,5000.0,1181,863,CAJA
11,false,2000.0,4000.0,1182,864,CAJA
11,false,1000.0,2400.0,1183,865,CAJA
10,false,2000.0,48000.0,1184,866,CAJA
2,false,2000.0,4000.0,1185,867,CAJA
3,false,10000.0,16700.0,1186,868,CAJA 
1,false,4500.0,8900.0,1187,869,CAJA
3,false,2000.0,4300.0,1188,870,CAJA
8,false,2000.0,4900.0,1189,871,CAJA
3,false,1500.0,3500.0,1190,872,BARRA
6,false,2000.0,3500.0,1191,873,BARRA
11,false,2000.0,3500.0,1192,874,BARRA
12,false,2000.0,4500.0,1193,875,BARRA
7,false,2000.0,3700.0,1194,876,BARRA
1,false,5000.0,9500.0,1195,877,BARRA
7,false,500.0,1200.0,1196,878,SOBRE
12,false,1500.0,3000.0,1197,879,SOBRE
10,false,500.0,1200.0,1198,880,SOBRE
4,false,2000.0,4000.0,1199,881,POTE
2,false,2000.0,4000.0,1200,882,POTE
3,false,12000.0,16000.0,1201,883,TARRO
1,false,17000.0,25000.0,1202,884,TARRO
2,false,22000.0,32000.0,1203,885,TARRO 
1,false,18000.0,26000.0,1204,886,TARRO
2,false,8000.0,13000.0,1205,887,TARRO
4,false,9000.0,15000.0,1206,888,POTE
4,false,6000.0,9800.0,1207,889,TARRO
1,false,8000.0,14000.0,1208,890,TARRO
3,false,4000.0,7200.0,1209,891,SOBRE
50,false,2500.0,4000.0,1210,892,UNIDAD
20,false,500.0,1200.0,1211,893,UNIDAD
50,false,4000.0,11000.0,1212,894,CAJA
40,false,5000.0,12000.0,1213,896,CAJA
120,false,2500.0,4000.0,1214,896,UNIDAD
21,false,1500.0,3000.0,1215,897,PAQUETE
1,false,7000.0,15000.0,1216,898,TUBO
14,false,3000.0,6900.0,1217,899,UNIDAD
1,false,7000.0,12500.0,1218,900,TARRO
3,false,5000.0,12600.0,1219,901,CAJA
4,false,4000.0,9800.0,1220,902,TARRO
6,false,5000.0,9800.0,1221,903,TARRO
1,false,1000.0,2500.0,1222,904,SOBRE
3,false,5000.0,9500.0,1223,905,SPRAY
3,false,5000.0,9500.0,1224,906,TARRO
1,false,4000.0,8200.0,1225,907,FRASCO
13,false,800.0,2000.0,1226,908,UNIDAD
1,false,3000.0,6900.0,1227,909,KIT
4,false,400.0,1000.0,1228,910,UNIDAD
1,false,5000.0,9500.0,1229,911,UNIDAD
3,false,400.0,1000.0,1230,912,UNIDAD
1,false,4000.0,8500.0,1231,913,UNIDAD
1,false,4000.0,8500.0,1232,914,UNIDAD
20,false,400.0,1000.0,1233,915,UNIDAD
4,false,400.0,1000.0,1234,916,BOLSA
10,false,600.0,1500.0,1235,917,UNIDAD
30,false,800.0,2000.0,1236,918,SOBRE
30,false,1000.0,4000.0,1237,919,UNIDAD
13,false,6000.0,10900.0,1238,920,TARRO
8,false,2500.0,6900.0,1239,921,SOBRE
1,false,4000.0,10000.0,1240,922,TARRO
8,false,4000.0,9000.0,1241,923,SOBRE
6,false,1000.0,2900.0,1242,924,SOBRE
12,false,1200.0,3000.0,1243,925,SOBRE
1,false,16000.0,25000.0,1244,926,TARRO 
2,false,18000.0,30900.0,1245,927,CAJA
1,false,18000.0,34900.0,1246,928,caja
1,false,10000.0,17500.0,1247,929,TUBO
2,false,7000.0,13900.0,1248,930,FRASCO
2,false,10000.0,24900.0,1249,931,TUBO
23,false,1000.0,2000.0,1250,932,SOBRE
16,false,8000.0,14900.0,1251,933,TARRO
2,false,8000.0,19900.0,1252,934,FRASCO
44,false,100.0,400.0,1253,935,BARRA
3,false,25000.0,45000.0,1254,936,FRASCO
7,false,7000.0,13900.0,1255,937,TARRO
5,false,3000.0,6900.0,1256,938,TARRO
15,false,8000.0,14900.0,1257,939,TARRO
4,false,1000.0,3000.0,1258,940,SOBRE
3,false,1000.0,3000.0,1259,941,SOBRE
1,false,20000.0,30000.0,1260,942,TUBO
2,false,4500.0,9000.0,1261,943,TUBO
3,false,16000.0,25000.0,1262,944,TARRO
3,false,5000.0,11000.0,1263,945,FRASCO
3,false,7000.0,12000.0,1264,946,FRASCO
10,false,500.0,1000.0,1265,947,UNIDAD
12,false,1200.0,3000.0,1266,948,UNIDAD
3,false,11000.0,15900.0,1267,949,FRASCO
1,false,20000.0,30000.0,1268,950,POTE
1,false,10000.0,16000.0,1269,951,POTE
3,false,3000.0,6000.0,1270,952,TARRO
3,false,4000.0,8000.0,1271,953,UNIDAD
7,false,2100.0,4500.0,1272,954,UNIDAD
20,false,2500.0,5000.0,1273,955,UNIDAD
9,false,2400.0,4500.0,1274,956,UNIDAD
6,false,2000.0,3500.0,1275,957,UNIDAD
5,false,1000.0,2000.0,1276,958,UNIDAD
1,false,2000.0,4500.0,1277,959,UNIDAD
11,false,2000.0,5000.0,1278,960,UNIDAD
4,false,1000.0,2000.0,1279,961,UNIDAD
3,false,3000.0,6000.0,1280,962,UNIDAD
2,false,2700.0,4700.0,1281,963,TARRO
3,false,1500.0,3000.0,1282,964,UNIDAD
4,false,6000.0,12000.0,1283,965,UNIDAD
1,false,3000.0,6300.0,1284,966,UNIDAD
6,false,4000.0,8000.0,1285,967,UNIDAD
6,false,1000.0,2000.0,1286,968,UNIDAD
2,false,3000.0,5900.0,1287,969,UNIDAD
12,false,5000.0,9900.0,1288,970,UNIDAD
12,false,200.0,400.0,1289,971,UNIDAD
10,false,400.0,800.0,1290,972,UNIDAD
6,false,1000.0,2000.0,1291,973,UNIDAD
4,false,800.0,1600.0,1292,974,UNIDAD
2,false,500.0,1200.0,1293,975,UNIDAD
8,false,1000.0,2000.0,1294,976,UNIDAD
8,false,800.0,1600.0,1295,977,UNIDAD
9,false,500.0,1000.0,1296,978,UNIDAD
1,false,5000.0,8200.0,1297,979,UNIDAD
12,false,1000.0,2000.0,1298,980,UNIDAD
2,false,400.0,1000.0,1299,981,UNIDAD
10,false,200.0,600.0,1300,982,UNIDAD
3,false,300.0,700.0,1301,983,UNIDAD
12,false,500.0,1200.0,1302,984,UNIDAD
12,false,800.0,1500.0,1303,985,UNIDAD
12,false,600.0,1500.0,1304,986,UNIDAD
12,false,400.0,1300.0,1305,987,UNIDAD
12,false,600.0,1300.0,1306,988,UNIDAD
6,false,2000.0,4300.0,1307,989,UNIDAD
2,false,2000.0,4000.0,1308,990,UNIDAD
2,false,700.0,1600.0,1309,991,UNIDAD
9,false,500.0,1200.0,1310,992,unidad
12,false,500.0,1200.0,1311,993,UNIDAD
23,false,700.0,1500.0,1312,994,UNIDAD
15,false,800.0,1700.0,1313,995,UNIDAD
41,false,600.0,1200.0,1314,996,UNIDAD
15,false,600.0,1200.0,1315,997,UNIDAD
2,false,500.0,1500.0,1316,998,UNIDAD
20,false,1100.0,2100.0,1317,999,UNIDAD
3,false,700.0,1700.0,1318,1000,UNIDAD
7,false,500.0,1200.0,1319,1001,UNIDAD
20,false,1000.0,2300.0,1320,1002,UNIDAD
14,false,500.0,1200.0,1321,1003,UNIDAD
20,false,500.0,1200.0,1322,1004,UNIDAD
18,false,500.0,1200.0,1323,1005,UNIDAD
25,false,500.0,1200.0,1324,1006,UNIDAD
3,false,500.0,1200.0,1325,1007,UNIDAD
6,false,1000.0,2300.0,1326,1008,UNIDAD
4,false,500.0,1200.0,1327,1009,UNIDAD
4,false,500.0,2300.0,1328,1010,UNIDAD
12,false,500.0,1200.0,1329,1011,UNIDAD
15,false,500.0,1200.0,1330,1012,UNIDAD
40,false,500.0,1200.0,1331,1013,UNIDAD
6,false,500.0,1200.0,1332,1014,UNIDAD
2,false,500.0,1200.0,1333,1015,UNIDAD
1,false,500.0,1200.0,1334,1016,UNIDAD
34,false,500.0,1100.0,1335,1017,UNIDAD
12,false,500.0,1200.0,1336,1018,UNIDAD
8,false,1200.0,1900.0,1337,1019,UNIDAD
8,false,500.0,1100.0,1338,1020,UNIDAD
33,false,500.0,1200.0,1339,1021,UNIDAD
8,false,500.0,1600.0,1340,1022,UNIDAD
16,false,500.0,1100.0,1341,1023,UNIDAD
11,false,3000.0,6500.0,1342,1024,UNIDAD
1,false,5100.0,10500.0,1343,1025,UNIDAD
1,false,5000.0,9500.0,1344,1026,UNIDAD
1,false,5000.0,10000.0,1345,1027,UNIDAD
1,false,4000.0,7900.0,1346,1028,UNIDAD 
4,false,2000.0,6500.0,1347,1029,UNIDAD
10,false,1000.0,2000.0,1348,1030,UNIDAD
15,false,500.0,1500.0,1349,1031,UNIDAD
24,false,2000.0,6500.0,1350,1032,UNIDAD
6,false,2000.0,3900.0,1351,1033,UNIDAD
